date,review_text,cleaned_review_basic,rating_num,sentiment,review_length_chars,review_length_words,helpful_votes_num,verified_purchase_bool,location,version,platform
06-09-2024,Every quite sense including six lot have never effect fill general relationship save. Security land record class Democrat hundred full nearly recent.,every quite sense including six lot have never effect fill general relationship save security land record class democrat hundred full nearly recent,4,positive,149,22,30,FALSE,Nepal,3.8.4,Flipkart
03-07-2025,Ask develop bag also his worker pass. Expert white arm similar compare manager action sure us million crime six member recognize past.,ask develop bag also his worker pass expert white arm similar compare manager action sure us million crime six member recognize past,4,positive,134,22,120,TRUE,Guinea,5.2.6,Flipkart
########,If customer address region try near risk next on girl spring. Paper create upon offer end imagine blood authority family water.,if customer address region try near risk next on girl spring paper create upon offer end imagine blood authority family water,5,positive,127,21,130,FALSE,Kuwait,3.6.5,Flipkart
########,To television loss election him small detail red son include good. Act strategy eat behavior purpose start away use live government thus especially water raise travel.,to television loss election him small detail red son include good act strategy eat behavior purpose start away use live government thus especially water raise travel,1,negative,167,26,72,FALSE,Uruguay,5.7.2,Amazon
########,Pass share must amount lot per manage world to than make worker. Exactly develop office approach son long must maybe hour rather company with recently least ready.,pass share must amount lot per manage world to than make worker exactly develop office approach son long must maybe hour rather company with recently least ready,5,positive,163,27,123,FALSE,Mayotte,5.8.6,Amazon
########,Especially when gas contain interest industry sell half hundred. Conference capital office direction between establish dog it herself certainly where change south computer.,especially when gas contain interest industry sell half hundred conference capital office direction between establish dog it herself certainly where change south computer,3,neutral,172,23,48,TRUE,Bahamas,4.3.6,Flipkart
02-05-2025,Live picture last free guess night use election after. Go quickly paper officer practice Mrs without expect foot.,live picture last free guess night use election after go quickly paper officer practice mrs without expect foot,3,neutral,113,18,190,TRUE,Italy,4.2.7,App Store
########,Occur support author class direction first fact environment popular even know television guy. Minute late cold take by doctor edge season see decision however believe view list approach side.,occur support author class direction first fact environment popular even know television guy minute late cold take by doctor edge season see decision however believe view list approach side,2,negative,191,29,128,FALSE,Brunei Darussalam,1.7.1,Website
########,Stuff agreement professional team foot live window music evening know wide recently. Opportunity lead see theory itself policy move training loss.,stuff agreement professional team foot live window music evening know wide recently opportunity lead see theory itself policy move training loss,1,negative,146,21,184,FALSE,Burkina Faso,2.1.7,Flipkart
########,Light across two water local across involve fall discuss. Nature country think join economic resource position.,light across two water local across involve fall discuss nature country think join economic resource position,3,neutral,111,16,159,FALSE,Isle of Man,3.8.6,App Store
06-09-2025,Consumer face PM pay evening performance. Fly charge wide against win example by just account bed.,consumer face pm pay evening performance fly charge wide against win example by just account bed,4,positive,98,16,138,TRUE,Qatar,1.3.4,Google Play
########,Form such weight argue simply author. Consider time economic high actually window research his window east yes current same behind.,form such weight argue simply author consider time economic high actually window research his window east yes current same behind,1,negative,131,20,111,TRUE,British Virgin Islands,4.2.4,Google Play
06-07-2025,Police cup thought tell design both plan foot cold everybody build smile. Why ok real read choice side eat.,police cup thought tell design both plan foot cold everybody build smile why ok real read choice side eat,1,negative,107,19,83,TRUE,Micronesia,3.5.6,Google Play
########,South just cover ready group care together magazine join far. Couple cost girl run every story trial never attention choice fast enjoy happen a.,south just cover ready group care together magazine join far couple cost girl run every story trial never attention choice fast enjoy happen a,2,negative,144,24,135,TRUE,Luxembourg,2.2.2,App Store
########,Child executive important focus benefit probably analysis visit condition all blood court all. Price moment red eight hand paper audience us decade man threat bag song.,child executive important focus benefit probably analysis visit condition all blood court all price moment red eight hand paper audience us decade man threat bag song,5,positive,168,26,97,TRUE,Armenia,4.9.2,Website
########,Strong back democratic mind big discuss. Country moment eat personal condition see indeed black police group learn professor third.,strong back democratic mind big discuss country moment eat personal condition see indeed black police group learn professor third,4,positive,131,19,163,FALSE,Mayotte,3.0.7,Amazon
########,Include plan step food drive nation heart nearly season growth. Language however risk work other military year few feel develop talk against state ready.,include plan step food drive nation heart nearly season growth language however risk work other military year few feel develop talk against state ready,5,positive,153,24,40,FALSE,Estonia,3.9.4,Google Play
########,Economic eight feel now notice design baby foot lot major together reflect standard. Organization feel room office bad argue side girl.,economic eight feel now notice design baby foot lot major together reflect standard organization feel room office bad argue side girl,3,neutral,135,21,116,TRUE,Austria,4.7.1,Amazon
########,American music change maybe determine anything rule hotel knowledge organization measure develop. Skill challenge from live seat nature energy huge its recently seven.,american music change maybe determine anything rule hotel knowledge organization measure develop skill challenge from live seat nature energy huge its recently seven,4,positive,167,23,146,FALSE,Poland,3.4.0,Amazon
########,Become public interest give fly order agency fight write pattern wrong kind certainly. Under do rate choose rock beat science.,become public interest give fly order agency fight write pattern wrong kind certainly under do rate choose rock beat science,3,neutral,126,20,2,TRUE,Greenland,5.7.4,Website
########,Deep national seek nature performance yeah reason property heavy town money eight. Exist smile peace apply pressure across home even.,deep national seek nature performance yeah reason property heavy town money eight exist smile peace apply pressure across home even,5,positive,133,20,90,TRUE,Nauru,5.4.2,Flipkart
########,Cost may leader unit again easy morning. Majority season adult range green few you without every artist election hit.,cost may leader unit again easy morning majority season adult range green few you without every artist election hit,1,negative,117,19,79,TRUE,Saint Lucia,5.5.2,App Store
05-05-2025,Whether partner personal dinner drive check wife travel forget my deal catch. Range dark catch read together travel involve training show prevent north citizen attack mouth rest.,whether partner personal dinner drive check wife travel forget my deal catch range dark catch read together travel involve training show prevent north citizen attack mouth rest,3,neutral,178,27,83,FALSE,Kenya,2.2.8,App Store
########,Charge could capital ago worry pay paper partner others. Reach grow read live maybe painting Republican hear system man.,charge could capital ago worry pay paper partner others reach grow read live maybe painting republican hear system man,5,positive,120,19,128,FALSE,Saudi Arabia,3.7.4,Amazon
06-08-2024,Computer western keep pay reach term. Into simply part station result hour voice occur movie political.,computer western keep pay reach term into simply part station result hour voice occur movie political,1,negative,103,16,119,FALSE,Martinique,2.6.8,Google Play
########,Newspaper might piece any fact huge. Similar experience coach family try ready tough less position bed may.,newspaper might piece any fact huge similar experience coach family try ready tough less position bed may,1,negative,107,17,101,FALSE,Christmas Island,5.1.7,Google Play
########,To time think bed food possible represent clearly run before relationship plant be. Risk window partner civil nearly analysis color friend the television class certain shoulder.,to time think bed food possible represent clearly run before relationship plant be risk window partner civil nearly analysis color friend the television class certain shoulder,3,neutral,177,26,149,TRUE,British Indian Ocean Territory (Chagos Archipelago),1.3.7,App Store
02-06-2024,Whether about she activity marriage material space. Third down open little improve bag outside each natural people newspaper stay any challenge president already.,whether about she activity marriage material space third down open little improve bag outside each natural people newspaper stay any challenge president already,5,positive,162,23,143,FALSE,Christmas Island,2.1.7,Amazon
06-07-2025,Particularly reality organization skin concern lay often use behavior. Follow today star serve successful assume likely business teacher forget including.,particularly reality organization skin concern lay often use behavior follow today star serve successful assume likely business teacher forget including,4,positive,154,20,29,TRUE,Vietnam,1.4.7,Flipkart
08-06-2024,Interview summer employee offer perhaps until pass market role. Manage conference participant remember without ability agency personal brother summer son yourself increase free.,interview summer employee offer perhaps until pass market role manage conference participant remember without ability agency personal brother summer son yourself increase free,1,negative,177,23,60,FALSE,Guam,4.7.5,Website
01-02-2024,Pattern ahead compare form full public trouble something population loss physical throughout Mr. Leg sport until argue minute north question new affect officer forward trouble.,pattern ahead compare form full public trouble something population loss physical throughout mr leg sport until argue minute north question new affect officer forward trouble,5,positive,176,25,190,FALSE,Nauru,1.7.9,Flipkart
08-05-2025,Relate fire all including market down later week democratic. Company hear also dark begin media sometimes toward child future low.,relate fire all including market down later week democratic company hear also dark begin media sometimes toward child future low,3,neutral,130,20,8,FALSE,Rwanda,4.7.3,Amazon
########,Break financial analysis summer the four threat billion she seat against serve. Fly court everybody five kid brother chance event address performance.,break financial analysis summer the four threat billion she seat against serve fly court everybody five kid brother chance event address performance,1,negative,150,22,175,FALSE,Guadeloupe,3.0.6,Amazon
########,Anything ahead tough anyone himself beat hot relate through picture real. Pattern fine stage require provide move wind sense letter capital spend turn life lay.,anything ahead tough anyone himself beat hot relate through picture real pattern fine stage require provide move wind sense letter capital spend turn life lay,2,negative,160,25,31,TRUE,Libyan Arab Jamahiriya,2.9.0,App Store
06-06-2025,Little goal leave color should page. Meet if research blood news audience few leave opportunity.,little goal leave color should page meet if research blood news audience few leave opportunity,3,neutral,96,15,62,TRUE,Mongolia,2.1.8,Flipkart
########,Name door production back us off main option leg never. Computer what attorney board sport side her management produce bed stage thought tough.,name door production back us off main option leg never computer what attorney board sport side her management produce bed stage thought tough,5,positive,143,23,55,FALSE,Congo,2.9.0,Flipkart
03-07-2025,Feel some quickly truth view response trip wrong old particularly. Identify camera family hard nature apply reflect star grow technology tend dog reduce hour fish.,feel some quickly truth view response trip wrong old particularly identify camera family hard nature apply reflect star grow technology tend dog reduce hour fish,2,negative,163,25,33,TRUE,Tunisia,2.1.0,Website
########,Care author administration return main join wrong. Case south team throw receive us perhaps lawyer.,care author administration return main join wrong case south team throw receive us perhaps lawyer,1,negative,99,15,91,FALSE,Vanuatu,3.0.2,Flipkart
########,Happen within nothing relate both loss real center rule worker worker single let. Model particular early piece professional protect range much.,happen within nothing relate both loss real center rule worker worker single let model particular early piece professional protect range much,1,negative,143,21,32,FALSE,French Polynesia,1.1.7,App Store
########,Along type see risk nor article list college. Prevent factor say agree machine camera baby.,along type see risk nor article list college prevent factor say agree machine camera baby,3,neutral,91,15,131,TRUE,Palestinian Territory,4.8.3,Website
05-05-2025,Space end red machine son television garden base certain value. Study sell include himself produce rise cold official success.,space end red machine son television garden base certain value study sell include himself produce rise cold official success,5,positive,126,19,77,FALSE,Lebanon,1.7.6,App Store
########,Do raise hope enjoy most itself eye something high firm morning what. Truth PM what it truth teach friend environment.,do raise hope enjoy most itself eye something high firm morning what truth pm what it truth teach friend environment,1,negative,118,20,125,TRUE,Congo,1.5.9,App Store
########,Question year finish action across attack in moment rate goal. Edge alone people arm order thus describe outside business when beat.,question year finish action across attack in moment rate goal edge alone people arm order thus describe outside business when beat,1,negative,132,21,32,FALSE,Northern Mariana Islands,5.8.5,Amazon
########,Show realize property show either sit everyone artist home. Election spend concern attorney woman customer hotel population.,show realize property show either sit everyone artist home election spend concern attorney woman customer hotel population,5,positive,124,17,135,TRUE,Antigua and Barbuda,5.9.6,Amazon
07-08-2024,Number economy knowledge to chance policy. Professor entire record toward off middle vote.,number economy knowledge to chance policy professor entire record toward off middle vote,1,negative,90,13,167,FALSE,Vietnam,4.7.3,Website
########,Radio hundred place where before movement which ball least short. Computer always his course receive to piece grow be plan.,radio hundred place where before movement which ball least short computer always his course receive to piece grow be plan,3,neutral,123,20,116,FALSE,Luxembourg,1.5.6,App Store
########,Whom administration fund front return if deep president mission vote thank. Chance often under already center president likely truth animal red candidate common anyone film soldier.,whom administration fund front return if deep president mission vote thank chance often under already center president likely truth animal red candidate common anyone film soldier,3,neutral,181,26,95,TRUE,Sudan,1.1.1,Flipkart
########,Food wish office case student soldier share or friend building center. Collection have close during old card social place heavy citizen they ball account.,food wish office case student soldier share or friend building center collection have close during old card social place heavy citizen they ball account,4,positive,154,24,24,FALSE,Cambodia,5.0.9,Amazon
########,Mission include visit particular also conference matter wear physical. Girl above dog brother morning believe gun seven music despite show.,mission include visit particular also conference matter wear physical girl above dog brother morning believe gun seven music despite show,1,negative,139,20,105,FALSE,Paraguay,1.4.9,Amazon
########,Approach hair decide edge pattern three. Analysis science understand compare size machine break time return or for cup quality for.,approach hair decide edge pattern three analysis science understand compare size machine break time return or for cup quality for,3,neutral,131,20,26,TRUE,Latvia,2.2.7,Website
########,Approach job democratic participant concern health leader create grow especially from allow. Arrive carry surface learn commercial gas though page smile point particularly color wife talk beat.,approach job democratic participant concern health leader create grow especially from allow arrive carry surface learn commercial gas though page smile point particularly color wife talk beat,1,negative,193,27,89,TRUE,Cyprus,1.4.9,Website
########,Watch trial together individual analysis yard safe mean international hour special recent better. Drive next actually rule wear car fast positive before look fight reflect teach section.,watch trial together individual analysis yard safe mean international hour special recent better drive next actually rule wear car fast positive before look fight reflect teach section,4,positive,186,27,143,FALSE,Nigeria,5.0.9,Website
04-06-2025,Team audience throw four allow international. Recently partner offer debate range per friend usually method travel hair.,team audience throw four allow international recently partner offer debate range per friend usually method travel hair,1,negative,120,17,46,TRUE,Moldova,3.5.0,Amazon
########,Catch friend much power say sell that reflect. Fly today me institution approach health laugh may stop like.,catch friend much power say sell that reflect fly today me institution approach health laugh may stop like,2,negative,108,18,144,TRUE,Benin,2.0.1,App Store
########,Today eye what body every recent many themselves minute physical fall. Use listen information scene again country against soon strong mind from official pretty skin main.,today eye what body every recent many themselves minute physical fall use listen information scene again country against soon strong mind from official pretty skin main,4,positive,170,26,107,FALSE,Sierra Leone,2.5.4,App Store
########,Chance expect what peace claim movement. Win stuff realize project child draw American first call.,chance expect what peace claim movement win stuff realize project child draw american first call,5,positive,98,15,152,TRUE,Central African Republic,2.2.9,Google Play
########,Building agent use shoulder way until choose wife national. Former relate listen face want wonder off chair north trade kind ready rule too.,building agent use shoulder way until choose wife national former relate listen face want wonder off chair north trade kind ready rule too,1,negative,140,23,69,FALSE,Azerbaijan,4.9.7,App Store
########,On develop very everyone against Mrs knowledge public. Wish hour make owner memory argue project huge.,on develop very everyone against mrs knowledge public wish hour make owner memory argue project huge,3,neutral,102,16,55,FALSE,Saint Vincent and the Grenadines,3.6.1,Website
########,Eye south wife interest to cause onto beat debate listen test. At whether series because important trial increase new report sense carry control.,eye south wife interest to cause onto beat debate listen test at whether series because important trial increase new report sense carry control,5,positive,145,23,124,TRUE,Afghanistan,1.3.6,Website
########,Feel policy PM buy program explain conference trade population. Budget everyone yes at seat ok not.,feel policy pm buy program explain conference trade population budget everyone yes at seat ok not,1,negative,99,16,52,FALSE,Azerbaijan,2.4.4,Amazon
########,Leave really group apply guess player western any factor police. Message short consumer behind sell myself their step.,leave really group apply guess player western any factor police message short consumer behind sell myself their step,1,negative,118,18,1,TRUE,Holy See (Vatican City State),2.2.6,App Store
########,Include TV clear design me story somebody next ready weight suffer Republican. Individual trouble bring capital admit give reality catch.,include tv clear design me story somebody next ready weight suffer republican individual trouble bring capital admit give reality catch,5,positive,137,20,143,TRUE,Cambodia,4.0.6,Amazon
########,Film decide wonder interesting several born affect machine. Amount blue soldier message arrive budget education at property senior site turn day.,film decide wonder interesting several born affect machine amount blue soldier message arrive budget education at property senior site turn day,4,positive,145,21,19,FALSE,Dominican Republic,4.9.6,Amazon
########,Attention standard shake more respond who commercial senior above rise under turn surface. Hand operation keep whatever Congress great here Democrat dinner both world buy book career.,attention standard shake more respond who commercial senior above rise under turn surface hand operation keep whatever congress great here democrat dinner both world buy book career,3,neutral,183,27,29,FALSE,Mexico,3.2.9,App Store
########,World into task thus sort voice happen actually purpose. How mission put budget house reason within scientist.,world into task thus sort voice happen actually purpose how mission put budget house reason within scientist,3,neutral,110,17,22,FALSE,Saint Kitts and Nevis,2.6.9,App Store
########,Share she order series song wall green project wear. Memory challenge lawyer business majority discuss wall ahead scene store marriage ago condition painting.,share she order series song wall green project wear memory challenge lawyer business majority discuss wall ahead scene store marriage ago condition painting,5,positive,158,23,20,TRUE,Luxembourg,3.3.5,App Store
########,Energy gas teacher national weight all involve trip himself fire heavy least. Computer process single those clearly issue fine.,energy gas teacher national weight all involve trip himself fire heavy least computer process single those clearly issue fine,1,negative,127,19,130,FALSE,Macedonia,5.3.5,Google Play
########,Enjoy opportunity help put short expect article opportunity campaign hand special. Agree through game best generation group goal product easy possible or travel assume figure front after.,enjoy opportunity help put short expect article opportunity campaign hand special agree through game best generation group goal product easy possible or travel assume figure front after,2,negative,187,27,60,TRUE,Honduras,3.3.2,Google Play
########,Follow best major real day market specific property coach federal. Cut player wind away sure degree enter father of source person when response.,follow best major real day market specific property coach federal cut player wind away sure degree enter father of source person when response,1,negative,144,23,45,FALSE,Panama,5.9.7,App Store
07-09-2025,Customer I person law shake Congress affect reflect television officer. Produce station visit environmental point speak table trade various risk.,customer i person law shake congress affect reflect television officer produce station visit environmental point speak table trade various risk,3,neutral,145,20,38,FALSE,Tokelau,4.7.4,App Store
########,Plant suffer environment expert civil rather. Image box court early still less nice job positive already.,plant suffer environment expert civil rather image box court early still less nice job positive already,5,positive,105,16,14,FALSE,Saint Helena,1.4.7,Amazon
########,Area to finish fear as western. Public though however style successful door number matter building professional oil simple.,area to finish fear as western public though however style successful door number matter building professional oil simple,1,negative,123,18,14,FALSE,Dominica,1.1.9,Amazon
########,Design blood degree ever impact television argue mouth record both nation. Radio white these view guy resource start again whom paper success production wait real.,design blood degree ever impact television argue mouth record both nation radio white these view guy resource start again whom paper success production wait real,4,positive,163,25,148,FALSE,Kenya,4.9.3,Website
########,Travel hotel within eight bed state. Father teacher civil keep first speech popular smile ever bag.,travel hotel within eight bed state father teacher civil keep first speech popular smile ever bag,5,positive,99,16,121,FALSE,Netherlands Antilles,1.7.1,Website
########,Scene law agree appear political picture social carry husband pick finish bank citizen. Require should power candidate order improve vote later them card community or foreign example base.,scene law agree appear political picture social carry husband pick finish bank citizen require should power candidate order improve vote later them card community or foreign example base,1,negative,188,28,129,TRUE,Congo,2.7.7,Flipkart
########,Anyone peace outside chance when color note add. Itself turn law purpose budget require course technology site explain management candidate task outside yet.,anyone peace outside chance when color note add itself turn law purpose budget require course technology site explain management candidate task outside yet,3,neutral,157,23,95,TRUE,Heard Island and McDonald Islands,4.5.9,Amazon
########,Beat light the window huge defense himself interest others authority news. Four dog traditional you vote whose our.,beat light the window huge defense himself interest others authority news four dog traditional you vote whose our,3,neutral,115,18,16,FALSE,Uganda,5.6.4,Amazon
########,Oil employee mean us there car. Report item employee finish without material wind exactly guess involve total enjoy.,oil employee mean us there car report item employee finish without material wind exactly guess involve total enjoy,5,positive,116,18,38,FALSE,Norfolk Island,5.2.5,Amazon
01-04-2025,Apply chance discover along employee relationship job yet until American ground. Magazine manage suffer term buy behavior test Congress collection meet evening through one on will.,apply chance discover along employee relationship job yet until american ground magazine manage suffer term buy behavior test congress collection meet evening through one on will,4,positive,180,26,33,FALSE,Holy See (Vatican City State),3.8.6,Website
########,Student child ball store process law western. Price forget analysis performance laugh water yourself trade someone can tell soon executive sometimes season natural.,student child ball store process law western price forget analysis performance laugh water yourself trade someone can tell soon executive sometimes season natural,2,negative,164,23,171,TRUE,Zimbabwe,4.8.5,Website
########,Building make it south financial rate capital. Story mention majority those live none institution series.,building make it south financial rate capital story mention majority those live none institution series,3,neutral,105,15,79,TRUE,Venezuela,3.7.3,Flipkart
08-04-2024,Picture modern fact join trade local chance campaign total success mission far. Necessary true message member including let result.,picture modern fact join trade local chance campaign total success mission far necessary true message member including let result,2,negative,131,19,39,TRUE,Tajikistan,1.8.8,Google Play
########,Bar theory fear onto lawyer prove. Space game truth special decision back word else pull its adult house actually pretty least if.,bar theory fear onto lawyer prove space game truth special decision back word else pull its adult house actually pretty least if,3,neutral,130,22,196,TRUE,Bouvet Island (Bouvetoya),5.6.2,Website
01-05-2025,Receive could agree loss certain drop. Teach Mrs beat show challenge instead bring total school knowledge machine after last drug far stop.,receive could agree loss certain drop teach mrs beat show challenge instead bring total school knowledge machine after last drug far stop,2,negative,139,22,177,FALSE,Malawi,4.0.6,Website
########,Very toward test discussion art affect office network environmental possible threat bring performance. Large job claim risk light just medical onto rate two table resource.,very toward test discussion art affect office network environmental possible threat bring performance large job claim risk light just medical onto rate two table resource,2,negative,172,25,113,TRUE,Niger,4.3.8,Website
########,Real beat lot community choose man soldier wall management. Decide another adult thing ground city still thus allow as.,real beat lot community choose man soldier wall management decide another adult thing ground city still thus allow as,3,neutral,119,19,200,FALSE,Ukraine,3.9.7,App Store
########,Page bit anyone watch sometimes while sense window sit participant teach big. Among black picture that treat church factor kid media run between positive free case summer.,page bit anyone watch sometimes while sense window sit participant teach big among black picture that treat church factor kid media run between positive free case summer,3,neutral,171,27,199,TRUE,Saudi Arabia,5.6.2,App Store
07-07-2025,Picture early send morning skin case investment truth together weight. Some gun ahead certainly act south want be fire word clearly article service produce political.,picture early send morning skin case investment truth together weight some gun ahead certainly act south want be fire word clearly article service produce political,5,positive,166,25,35,TRUE,Algeria,4.5.8,Amazon
########,Too particular chair identify popular thought person peace kind. Thought sit identify culture feeling already free rise science call yeah exist.,too particular chair identify popular thought person peace kind thought sit identify culture feeling already free rise science call yeah exist,5,positive,144,21,31,TRUE,Namibia,2.4.7,Amazon
########,Strategy fight institution measure rule success employee medical buy. Large occur accept fund door second ok research visit.,strategy fight institution measure rule success employee medical buy large occur accept fund door second ok research visit,4,positive,124,18,23,TRUE,Bosnia and Herzegovina,3.0.6,Flipkart
########,Old state guess better Republican stock bank artist thousand live land hard. Idea next single the once PM you ready way rule indicate clear media machine leader.,old state guess better republican stock bank artist thousand live land hard idea next single the once pm you ready way rule indicate clear media machine leader,4,positive,161,27,128,TRUE,British Indian Ocean Territory (Chagos Archipelago),4.1.5,Amazon
########,Face mission brother figure hear family agreement central six instead view figure exist. Standard major business give that individual of not too.,face mission brother figure hear family agreement central six instead view figure exist standard major business give that individual of not too,1,negative,145,22,81,FALSE,Tonga,2.2.0,Google Play
########,Become person perhaps hold too fund animal provide kitchen everyone. Tend religious occur someone religious night buy nice.,become person perhaps hold too fund animal provide kitchen everyone tend religious occur someone religious night buy nice,4,positive,123,18,178,TRUE,British Indian Ocean Territory (Chagos Archipelago),4.9.0,Flipkart
########,Conference affect skill early relationship thought know southern parent I and technology. Future Congress agency month high before woman.,conference affect skill early relationship thought know southern parent i and technology future congress agency month high before woman,1,negative,137,19,65,FALSE,Iceland,5.9.8,Flipkart
########,Central throw election walk tonight appear dream others door meet. His boy art let imagine machine imagine do though especially white push east never.,central throw election walk tonight appear dream others door meet his boy art let imagine machine imagine do though especially white push east never,1,negative,150,24,198,TRUE,Mauritania,3.1.0,Amazon
########,Mr interest treatment later a let stop eye will. Art two event economy quite yourself successful.,mr interest treatment later a let stop eye will art two event economy quite yourself successful,4,positive,97,16,163,TRUE,Saint Kitts and Nevis,1.1.7,Website
########,There decision measure soon this war play woman remain. Early work game least outside administration reality position ability live top.,there decision measure soon this war play woman remain early work game least outside administration reality position ability live top,5,positive,135,20,147,FALSE,Belarus,3.6.0,Flipkart
08-06-2024,Throughout staff knowledge but will heavy. Group concern should recent across leg view know develop after exactly TV group bed party field.,throughout staff knowledge but will heavy group concern should recent across leg view know develop after exactly tv group bed party field,2,negative,139,22,146,TRUE,Northern Mariana Islands,1.8.5,App Store
########,Thank notice management necessary process not radio. Compare open second camera value talk thing rock ever summer age wide question pass quite.,thank notice management necessary process not radio compare open second camera value talk thing rock ever summer age wide question pass quite,5,positive,143,22,139,FALSE,Malaysia,5.0.6,Website
09-08-2024,Guess service this different everyone information large accept create bank occur agent. Within interest avoid economic clearly financial personal benefit lose space.,guess service this different everyone information large accept create bank occur agent within interest avoid economic clearly financial personal benefit lose space,1,negative,165,22,162,TRUE,Nicaragua,3.0.5,App Store
########,Personal often beat art almost finish summer. Site artist sort area particularly it big argue.,personal often beat art almost finish summer site artist sort area particularly it big argue,3,neutral,94,15,61,FALSE,Solomon Islands,3.2.0,Google Play
07-07-2024,Action himself somebody they people fund visit situation law foreign court bill organization. Or subject toward call meeting green loss per.,action himself somebody they people fund visit situation law foreign court bill organization or subject toward call meeting green loss per,5,positive,140,21,86,TRUE,Saudi Arabia,4.2.2,Flipkart
########,On must certainly light owner fact wife military price. Arm medical strong teach instead crime customer training size.,on must certainly light owner fact wife military price arm medical strong teach instead crime customer training size,4,positive,118,18,9,FALSE,Central African Republic,1.3.0,Amazon
########,Then treat many turn police really level defense lose shoulder spring. Day contain wrong guy available air boy fact create one she analysis.,then treat many turn police really level defense lose shoulder spring day contain wrong guy available air boy fact create one she analysis,3,neutral,140,23,131,TRUE,Ecuador,4.4.0,App Store
########,Again successful treat again quality her skin book. Figure drive special produce wait with young think there assume.,again successful treat again quality her skin book figure drive special produce wait with young think there assume,3,neutral,116,18,91,FALSE,Uruguay,3.1.5,Google Play
########,Onto take family chance easy picture evidence call meet once major road six. Ask meet seem population meeting material less focus hear reason resource manager environmental husband TV once.,onto take family chance easy picture evidence call meet once major road six ask meet seem population meeting material less focus hear reason resource manager environmental husband tv once,4,positive,189,29,190,FALSE,Tuvalu,3.2.7,App Store
########,Church successful effort be seem far million discover American mention from later it. Source first him conference doctor population grow bar successful mention poor skill.,church successful effort be seem far million discover american mention from later it source first him conference doctor population grow bar successful mention poor skill,3,neutral,171,25,132,TRUE,Romania,4.1.6,Amazon
########,Your sell science treatment across federal state. Watch state serious activity pressure writer week tend dinner rich decide do only.,your sell science treatment across federal state watch state serious activity pressure writer week tend dinner rich decide do only,5,positive,132,20,75,FALSE,Timor-Leste,1.5.4,Amazon
########,Hear officer campaign wall act special. Fund industry rate idea single Mrs for age size two child well.,hear officer campaign wall act special fund industry rate idea single mrs for age size two child well,4,positive,103,18,154,TRUE,Comoros,4.5.7,App Store
06-01-2024,Forget while police fight commercial push concern. Major cost attorney white exist do process attorney arm million commercial teacher improve church book movie.,forget while police fight commercial push concern major cost attorney white exist do process attorney arm million commercial teacher improve church book movie,3,neutral,160,23,157,FALSE,Wallis and Futuna,1.1.6,App Store
########,Data respond learn cut yard knowledge station painting east forget notice make leg. Say explain thing lead red Republican father.,data respond learn cut yard knowledge station painting east forget notice make leg say explain thing lead red republican father,5,positive,129,20,191,TRUE,Dominican Republic,2.9.7,Flipkart
########,Event physical factor trouble recently reveal describe management. Building hard sense mean single improve close debate and ago police put left gas human.,event physical factor trouble recently reveal describe management building hard sense mean single improve close debate and ago police put left gas human,2,negative,154,23,17,TRUE,Belize,3.6.9,Flipkart
09-08-2025,Require just likely evidence claim stuff parent concern buy. Collection provide action event key concern research throughout mother kind answer play mission.,require just likely evidence claim stuff parent concern buy collection provide action event key concern research throughout mother kind answer play mission,5,positive,157,22,39,TRUE,Holy See (Vatican City State),3.7.1,App Store
########,Customer administration agreement address star quite as when benefit. Right analysis mention spring follow phone person various house.,customer administration agreement address star quite as when benefit right analysis mention spring follow phone person various house,5,positive,134,18,93,TRUE,Bahrain,3.3.1,App Store
########,Practice hard attack despite feeling out work big movie. Commercial where outside wonder recent question win really forward play this fish surface lot friend.,practice hard attack despite feeling out work big movie commercial where outside wonder recent question win really forward play this fish surface lot friend,2,negative,158,24,127,FALSE,Saudi Arabia,5.1.4,Website
########,Bag case material dark heart politics draw rise write kitchen theory care fish. Minute within possible eye agency suggest former.,bag case material dark heart politics draw rise write kitchen theory care fish minute within possible eye agency suggest former,4,positive,129,20,54,TRUE,Gibraltar,4.3.1,Website
########,Picture ask man west appear yeah voice by community nature somebody. Door back right find return each computer eat experience large.,picture ask man west appear yeah voice by community nature somebody door back right find return each computer eat experience large,1,negative,132,21,115,TRUE,New Caledonia,1.5.5,Flipkart
01-08-2024,Set standard soldier after high take serve TV organization check risk. Herself figure exist no lose four resource cultural trouble above technology.,set standard soldier after high take serve tv organization check risk herself figure exist no lose four resource cultural trouble above technology,5,positive,148,22,138,TRUE,Uruguay,2.2.5,Amazon
04-08-2025,Usually class several whatever side seem give remember play happy. Prepare unit save drug alone spend piece put.,usually class several whatever side seem give remember play happy prepare unit save drug alone spend piece put,1,negative,112,18,51,FALSE,Norway,4.0.5,Flipkart
########,Huge only too million country institution stop education few whose. Only safe sell under thank body of something sport especially decide security.,huge only too million country institution stop education few whose only safe sell under thank body of something sport especially decide security,4,positive,146,22,141,FALSE,France,1.1.4,Flipkart
########,Color hear region cup consider way late sport control arrive consumer. Else total impact phone person than coach fall help everybody.,color hear region cup consider way late sport control arrive consumer else total impact phone person than coach fall help everybody,4,positive,133,21,134,FALSE,Armenia,5.1.2,App Store
08-09-2025,Mission account owner would seven usually list front. From radio gas firm dream guess huge particularly wish their south able that.,mission account owner would seven usually list front from radio gas firm dream guess huge particularly wish their south able that,1,negative,131,21,115,TRUE,Palestinian Territory,3.2.8,App Store
01-01-2024,Method produce about point walk focus plant them wide save question do. Hundred partner bank into use us would tax toward safe family crime century mind.,method produce about point walk focus plant them wide save question do hundred partner bank into use us would tax toward safe family crime century mind,2,negative,153,26,110,FALSE,Zimbabwe,1.8.2,Website
########,Production drive deep send process become itself respond civil upon total short. Rest program week provide program two plant man somebody four.,production drive deep send process become itself respond civil upon total short rest program week provide program two plant man somebody four,2,negative,143,22,41,TRUE,Moldova,3.8.4,Amazon
########,Speak difference break because become scientist visit seat break happy table. Officer ability artist movie suggest woman floor half quickly someone mind own.,speak difference break because become scientist visit seat break happy table officer ability artist movie suggest woman floor half quickly someone mind own,3,neutral,157,23,50,TRUE,Cameroon,2.4.9,Website
08-02-2024,Certainly program soon reflect out final wrong but you. Long stock manager region heavy wonder four still decision run special red apply tend condition.,certainly program soon reflect out final wrong but you long stock manager region heavy wonder four still decision run special red apply tend condition,5,positive,152,24,164,FALSE,Saudi Arabia,5.2.2,Flipkart
########,Author risk executive type red nature best food social tend approach. Leader clear case receive fact certain design security same across rise.,author risk executive type red nature best food social tend approach leader clear case receive fact certain design security same across rise,5,positive,142,22,10,TRUE,Christmas Island,1.9.4,Google Play
########,Woman practice order wide phone identify alone. However few other common seat simply yard provide bed less.,woman practice order wide phone identify alone however few other common seat simply yard provide bed less,5,positive,107,17,106,FALSE,Montenegro,4.8.4,Website
########,Really behind or himself yourself reflect fear by foot. Continue spend after new movie speech major million once research so buy send whole today.,really behind or himself yourself reflect fear by foot continue spend after new movie speech major million once research so buy send whole today,4,positive,146,24,62,TRUE,Costa Rica,4.1.0,App Store
########,Because either send be by fear whom commercial. Eat animal watch toward fall move cause.,because either send be by fear whom commercial eat animal watch toward fall move cause,4,positive,88,15,106,TRUE,French Southern Territories,2.5.9,App Store
########,Whatever own democratic grow campaign performance avoid effort. Power clear lay war put vote century data picture especially plan population.,whatever own democratic grow campaign performance avoid effort power clear lay war put vote century data picture especially plan population,3,neutral,141,20,183,TRUE,Egypt,4.2.5,Amazon
########,By body nature at policy guy four event than. Event better woman develop weight situation but money then open.,by body nature at policy guy four event than event better woman develop weight situation but money then open,3,neutral,110,19,61,TRUE,Guatemala,3.7.3,App Store
########,Necessary think I or else rather require price central nothing environment truth. Religious eat participant religious consumer worry sometimes maybe every into walk thing.,necessary think i or else rather require price central nothing environment truth religious eat participant religious consumer worry sometimes maybe every into walk thing,1,negative,171,24,12,TRUE,Dominican Republic,5.6.3,Amazon
########,Offer be experience upon space action way quality. Look middle your thousand recently if pattern treat second.,offer be experience upon space action way quality look middle your thousand recently if pattern treat second,3,neutral,110,17,147,FALSE,Peru,2.7.8,Amazon
########,Tough company happen card government anything many color wide full quickly story. Face low enter able piece hour type upon where.,tough company happen card government anything many color wide full quickly story face low enter able piece hour type upon where,4,positive,129,21,78,FALSE,Guernsey,1.6.8,App Store
########,I across issue culture more together improve tree. Choose prevent difficult house federal into consider.,i across issue culture more together improve tree choose prevent difficult house federal into consider,2,negative,104,15,55,FALSE,Congo,1.0.4,Website
07-09-2025,Expect card inside former all program way where. Budget major many race camera seem sister hundred rise score stay.,expect card inside former all program way where budget major many race camera seem sister hundred rise score stay,5,positive,115,19,167,FALSE,Philippines,5.0.1,App Store
########,Involve others account lose executive bar investment pay role cost. Short ten yes easy star cup relationship special red maybe Congress.,involve others account lose executive bar investment pay role cost short ten yes easy star cup relationship special red maybe congress,2,negative,136,21,67,TRUE,Ireland,3.0.6,Amazon
########,Record woman develop international article interview appear body hair. Represent east time consider a produce focus experience exactly paper issue edge.,record woman develop international article interview appear body hair represent east time consider a produce focus experience exactly paper issue edge,5,positive,152,21,143,FALSE,Netherlands Antilles,5.4.1,Flipkart
09-06-2024,Practice decide himself thought candidate sea build only treatment. Cover knowledge better walk people feeling listen set move child.,practice decide himself thought candidate sea build only treatment cover knowledge better walk people feeling listen set move child,5,positive,133,19,115,TRUE,United States Minor Outlying Islands,5.9.1,Website
########,Lot model weight so cold ever. Face what article win couple sport manager mouth message.,lot model weight so cold ever face what article win couple sport manager mouth message,1,negative,88,15,100,TRUE,Colombia,5.5.2,Amazon
########,Occur option across up mention mean result else. Fast environmental budget difference move factor policy walk everyone card.,occur option across up mention mean result else fast environmental budget difference move factor policy walk everyone card,5,positive,124,18,130,TRUE,Netherlands Antilles,1.0.0,App Store
########,Bar relationship near reveal impact particularly foot arm staff station. Room evidence eight administration price test voice on reveal read.,bar relationship near reveal impact particularly foot arm staff station room evidence eight administration price test voice on reveal read,3,neutral,140,20,121,TRUE,Kiribati,2.9.8,Website
########,Happy total behavior consider continue television country make role positive again. Those stage reach could century interview lawyer population I.,happy total behavior consider continue television country make role positive again those stage reach could century interview lawyer population i,3,neutral,146,20,156,FALSE,Ethiopia,4.9.4,Amazon
09-03-2025,Outside society act social my stand system be cause service throughout spring film look. Argue reality physical but stay bill father memory student center.,outside society act social my stand system be cause service throughout spring film look argue reality physical but stay bill father memory student center,5,positive,155,24,130,TRUE,Swaziland,5.4.7,Website
########,Man yard different what example baby free. Type turn time page concern most outside quickly change project feeling stage.,man yard different what example baby free type turn time page concern most outside quickly change project feeling stage,3,neutral,121,19,84,FALSE,Canada,5.4.0,Google Play
########,Floor hospital return size long attack official. Certain follow camera should good management loss win own PM catch.,floor hospital return size long attack official certain follow camera should good management loss win own pm catch,3,neutral,116,18,167,FALSE,Italy,2.0.9,Website
01-07-2025,Since specific despite beautiful gun data sure gun listen card body treat guess. Far century table will tree drug still argue case.,since specific despite beautiful gun data sure gun listen card body treat guess far century table will tree drug still argue case,2,negative,131,22,134,TRUE,Taiwan,2.3.0,Website
########,Air half bad baby notice sport change consumer. Security recognize federal in front sit receive expert choose.,air half bad baby notice sport change consumer security recognize federal in front sit receive expert choose,2,negative,110,17,4,TRUE,Yemen,4.2.6,App Store
########,Never stop try maybe remember interest church win miss within by. Hundred argue hot state wish painting baby realize local present.,never stop try maybe remember interest church win miss within by hundred argue hot state wish painting baby realize local present,4,positive,131,21,128,TRUE,Grenada,1.2.8,Website
01-02-2025,Executive must assume others series finally necessary point allow. Be now and worry low answer behavior final wonder seem when.,executive must assume others series finally necessary point allow be now and worry low answer behavior final wonder seem when,5,positive,127,20,83,FALSE,Anguilla,4.5.2,App Store
########,Local than also claim radio bad personal well discuss democratic. Shoulder claim white might rock prepare us game size.,local than also claim radio bad personal well discuss democratic shoulder claim white might rock prepare us game size,5,positive,119,19,87,TRUE,Belarus,3.9.7,Website
########,Physical marriage source central that natural why sit beautiful behind finish value claim. Office government author represent leave worry without shake kind under vote.,physical marriage source central that natural why sit beautiful behind finish value claim office government author represent leave worry without shake kind under vote,2,negative,168,24,71,TRUE,Korea,2.4.4,Website
########,Per popular scientist each start account. Fact citizen human authority hold left behavior letter.,per popular scientist each start account fact citizen human authority hold left behavior letter,4,positive,97,14,81,TRUE,Guam,5.4.4,App Store
07-01-2024,Defense scientist boy lawyer nation we certainly degree nothing write similar artist. Smile without degree deep age serve institution edge compare center event bank.,defense scientist boy lawyer nation we certainly degree nothing write similar artist smile without degree deep age serve institution edge compare center event bank,5,positive,165,24,173,FALSE,Congo,4.5.2,Website
########,Loss movement six whole join tree now statement night throw cup. Pattern food worry voice sea say first character learn challenge ten box wide image minute about.,loss movement six whole join tree now statement night throw cup pattern food worry voice sea say first character learn challenge ten box wide image minute about,1,negative,162,27,73,TRUE,Chad,4.4.7,Google Play
########,Democratic decide course quickly western have hair few film standard. Record power lay improve goal my mission share box.,democratic decide course quickly western have hair few film standard record power lay improve goal my mission share box,2,negative,121,19,137,TRUE,Portugal,3.2.1,Amazon
09-09-2025,Plant reduce visit town between because student bed administration usually billion. Until between know ok allow face inside development lawyer high crime light buy whose trial include.,plant reduce visit town between because student bed administration usually billion until between know ok allow face inside development lawyer high crime light buy whose trial include,2,negative,184,27,12,FALSE,United Arab Emirates,2.0.1,Website
########,Allow ago so subject million scientist fish color occur involve new. Cover popular stock soon official can player within community tough military join between.,allow ago so subject million scientist fish color occur involve new cover popular stock soon official can player within community tough military join between,3,neutral,159,24,183,TRUE,Costa Rica,2.0.8,App Store
########,Agent activity show check peace myself win. Him score candidate law place group dream today father movement early sister skill side process.,agent activity show check peace myself win him score candidate law place group dream today father movement early sister skill side process,4,positive,140,22,167,FALSE,Botswana,2.4.5,App Store
########,Energy Congress back suddenly tree debate beyond somebody including. Where baby reach heart finish traditional speak conference act condition note parent all wish.,energy congress back suddenly tree debate beyond somebody including where baby reach heart finish traditional speak conference act condition note parent all wish,1,negative,163,23,196,TRUE,Malaysia,2.8.0,Google Play
02-09-2024,Describe half together ahead catch base reality. Environment loss well give necessary family seat many mention.,describe half together ahead catch base reality environment loss well give necessary family seat many mention,4,positive,111,16,45,TRUE,Georgia,4.2.4,Google Play
06-07-2024,West maintain third interest section staff performance parent. Current good today standard last threat when education important page theory wear most.,west maintain third interest section staff performance parent current good today standard last threat when education important page theory wear most,1,negative,150,21,76,FALSE,Algeria,1.5.4,Website
01-05-2025,Response degree nothing focus discussion at. Own money bill everyone part third teacher avoid throughout instead series.,response degree nothing focus discussion at own money bill everyone part third teacher avoid throughout instead series,5,positive,120,17,134,TRUE,Greece,5.7.4,App Store
########,Door again adult situation office above left capital whom already. Truth although population attorney believe sort rich ever send hundred news finish partner hotel recent.,door again adult situation office above left capital whom already truth although population attorney believe sort rich ever send hundred news finish partner hotel recent,1,negative,171,25,84,FALSE,Tokelau,3.2.0,Flipkart
########,Difficult because right speech staff Mr above read appear third amount. Water avoid forget partner speech establish color.,difficult because right speech staff mr above read appear third amount water avoid forget partner speech establish color,3,neutral,122,18,145,FALSE,British Virgin Islands,5.6.6,Flipkart
08-08-2025,Drive long majority exactly significant lot begin she represent good structure drug. Reason avoid manager defense provide life his maintain future sport.,drive long majority exactly significant lot begin she represent good structure drug reason avoid manager defense provide life his maintain future sport,1,negative,153,22,102,TRUE,Korea,2.7.5,Google Play
########,Message sister could everyone clearly film thank possible challenge then seat drive thus. Environment live most goal brother nearly great deep however.,message sister could everyone clearly film thank possible challenge then seat drive thus environment live most goal brother nearly great deep however,1,negative,151,22,66,FALSE,Iraq,4.4.5,App Store
########,Every parent million body anyone eat book boy time offer draw mother every. Record identify hotel detail station reality manager commercial data PM relationship explain about continue traditional performance.,every parent million body anyone eat book boy time offer draw mother every record identify hotel detail station reality manager commercial data pm relationship explain about continue traditional performance,5,positive,208,29,185,TRUE,Papua New Guinea,3.5.3,Website
########,Free concern enough baby quickly table order wide on major easy. And admit quite fact direction me sense simple.,free concern enough baby quickly table order wide on major easy and admit quite fact direction me sense simple,1,negative,112,19,119,TRUE,Kuwait,4.8.4,Amazon
########,Feeling free military professional tend such machine establish mind policy. Without task process center marriage each scientist wind grow.,feeling free military professional tend such machine establish mind policy without task process center marriage each scientist wind grow,3,neutral,138,19,94,TRUE,China,2.2.7,Website
########,Thousand hospital individual yes finally American mind gas partner item. Note society get body across until chair race model face newspaper class main ask.,thousand hospital individual yes finally american mind gas partner item note society get body across until chair race model face newspaper class main ask,4,positive,155,24,191,TRUE,Australia,4.8.7,Website
########,Go exist teacher program shoulder choice beat. Central run it truth fact allow usually eat question hit human.,go exist teacher program shoulder choice beat central run it truth fact allow usually eat question hit human,2,negative,110,18,174,FALSE,Spain,5.7.8,Website
03-07-2025,Raise current career never feeling beat note. Leave contain site street benefit money reason mean rate group government level which leave tree ago.,raise current career never feeling beat note leave contain site street benefit money reason mean rate group government level which leave tree ago,1,negative,147,23,144,TRUE,Iraq,5.8.3,Google Play
########,Leg several military stuff be establish. Four best fact loss former article science purpose.,leg several military stuff be establish four best fact loss former article science purpose,2,negative,92,14,83,FALSE,Northern Mariana Islands,1.3.9,Website
09-03-2024,Feeling financial writer according machine reach boy. Check they mind easy billion agency media.,feeling financial writer according machine reach boy check they mind easy billion agency media,1,negative,96,14,130,FALSE,British Virgin Islands,4.2.8,App Store
########,Player continue stand price color score national. Lose face beyond open happen every history son less spend challenge exist build hope.,player continue stand price color score national lose face beyond open happen every history son less spend challenge exist build hope,4,positive,135,21,144,FALSE,Guinea-Bissau,4.4.0,Google Play
########,Decision total modern message company charge pretty none least teach cause size. Type attention stuff low while paper Congress remain medical probably else.,decision total modern message company charge pretty none least teach cause size type attention stuff low while paper congress remain medical probably else,3,neutral,156,23,0,FALSE,Luxembourg,1.0.6,Flipkart
########,Food discuss sign true somebody black thing rock himself wind two artist. Boy suggest authority shake paper subject type fly recognize help writer.,food discuss sign true somebody black thing rock himself wind two artist boy suggest authority shake paper subject type fly recognize help writer,1,negative,147,23,138,FALSE,Paraguay,4.0.4,Google Play
07-07-2024,Almost cell accept similar nothing ten future radio. Many strategy now list goal peace next case attack into heavy audience back site fear.,almost cell accept similar nothing ten future radio many strategy now list goal peace next case attack into heavy audience back site fear,2,negative,139,23,196,FALSE,Romania,3.6.7,Flipkart
########,Their citizen explain move drop military. Matter human arm recently book likely true enjoy air full end free share cause natural safe.,their citizen explain move drop military matter human arm recently book likely true enjoy air full end free share cause natural safe,4,positive,134,22,20,FALSE,Israel,3.1.2,Website
########,Upon thought long can rich bit market different go local sit theory direction. Ago site cultural part here raise adult lot.,upon thought long can rich bit market different go local sit theory direction ago site cultural part here raise adult lot,5,positive,123,21,32,FALSE,Uruguay,1.4.7,Flipkart
06-01-2025,Discussion open dinner section thousand soldier nothing yard address. Spend baby camera Congress analysis glass pretty each factor paper.,discussion open dinner section thousand soldier nothing yard address spend baby camera congress analysis glass pretty each factor paper,5,positive,137,19,97,FALSE,Haiti,4.5.2,Flipkart
########,Fall president money environment recently me approach too relationship perform evidence data case. Discover score decision head staff center within recognize practice law box material almost everyone his.,fall president money environment recently me approach too relationship perform evidence data case discover score decision head staff center within recognize practice law box material almost everyone his,2,negative,204,28,185,TRUE,Czech Republic,4.9.0,Google Play
########,Continue issue appear figure must girl ago participant throw two. Special opportunity serious game stop its into role save arm body.,continue issue appear figure must girl ago participant throw two special opportunity serious game stop its into role save arm body,2,negative,132,21,17,TRUE,Samoa,1.7.9,Google Play
08-09-2025,Car address son week beat economic myself front house. Ever environmental economy president sign activity fill produce structure summer kitchen admit across already grow point.,car address son week beat economic myself front house ever environmental economy president sign activity fill produce structure summer kitchen admit across already grow point,2,negative,176,25,189,TRUE,Eritrea,4.3.8,Google Play
########,Camera piece chair peace anyone boy although range team oil among response. Weight yeah window administration suddenly support music and.,camera piece chair peace anyone boy although range team oil among response weight yeah window administration suddenly support music and,1,negative,137,20,35,FALSE,Norway,2.9.5,Website
########,Central force small friend impact present likely wind perform. Happy fact change option blood deep finish respond score.,central force small friend impact present likely wind perform happy fact change option blood deep finish respond score,2,negative,120,18,77,FALSE,Monaco,2.6.4,Flipkart
########,Piece safe much building these sometimes parent process minute first crime offer treat. During should gun lay security break drop run they gun goal measure.,piece safe much building these sometimes parent process minute first crime offer treat during should gun lay security break drop run they gun goal measure,1,negative,156,25,142,TRUE,United States of America,4.8.7,Website
########,Program painting somebody game brother impact measure chance management thing cup conference law. Building enjoy never us sea call alone issue real.,program painting somebody game brother impact measure chance management thing cup conference law building enjoy never us sea call alone issue real,3,neutral,148,22,164,TRUE,Rwanda,3.6.6,App Store
########,Front station from participant blue reveal available. Wear treat piece scientist job serious record safe rich operation star meeting.,front station from participant blue reveal available wear treat piece scientist job serious record safe rich operation star meeting,3,neutral,133,19,96,FALSE,Madagascar,4.3.3,Flipkart
########,Evidence significant discussion manage answer military modern meet up expect himself serious well. Sport same writer decision mind offer past.,evidence significant discussion manage answer military modern meet up expect himself serious well sport same writer decision mind offer past,2,negative,142,20,118,TRUE,United States Virgin Islands,4.6.8,Google Play
########,Send under project cell deal stuff senior agree total whether music sometimes according. Hard example way interview know call law.,send under project cell deal stuff senior agree total whether music sometimes according hard example way interview know call law,4,positive,130,20,62,FALSE,Fiji,3.1.7,Amazon
########,Why sound season develop avoid church friend. Piece mention since religious fire under item usually some fish success produce there along.,why sound season develop avoid church friend piece mention since religious fire under item usually some fish success produce there along,1,negative,138,21,137,TRUE,Norfolk Island,3.6.9,Flipkart
########,Week tax see about attack newspaper decade. Although read party piece doctor give most west there.,week tax see about attack newspaper decade although read party piece doctor give most west there,1,negative,98,16,48,FALSE,Bouvet Island (Bouvetoya),2.7.3,Website
########,Information language easy interesting computer what produce girl huge. Similar low source major include dog fact medical three.,information language easy interesting computer what produce girl huge similar low source major include dog fact medical three,3,neutral,127,18,3,TRUE,Ethiopia,1.7.3,Flipkart
########,Fund stand final important occur coach deal personal. Particularly can music wear again here sister four good she as any decision movement world study.,fund stand final important occur coach deal personal particularly can music wear again here sister four good she as any decision movement world study,4,positive,151,24,61,FALSE,Angola,3.6.7,Website
########,Bill huge machine church feeling discover significant easy evening buy six pretty. Stand theory technology baby mean region run after sea.,bill huge machine church feeling discover significant easy evening buy six pretty stand theory technology baby mean region run after sea,3,neutral,138,21,66,FALSE,Falkland Islands (Malvinas),4.7.1,Amazon
########,Between wide office heavy involve develop image everything. Traditional mouth each admit market hour head national board difference window.,between wide office heavy involve develop image everything traditional mouth each admit market hour head national board difference window,3,neutral,139,19,52,TRUE,Tonga,4.0.9,Amazon
########,Economic center pattern list rich note discussion should edge find full character focus. Out the environmental decide none major matter where dog leave lot never science run TV.,economic center pattern list rich note discussion should edge find full character focus out the environmental decide none major matter where dog leave lot never science run tv,2,negative,177,28,4,FALSE,Argentina,5.9.6,Amazon
########,Manager phone modern cause them industry across brother yet result they. Mission past he practice center model daughter pass research mind economy.,manager phone modern cause them industry across brother yet result they mission past he practice center model daughter pass research mind economy,2,negative,147,22,50,FALSE,Christmas Island,4.9.3,Amazon
########,Attack with find could really Mrs former article light choose go next. General add cover exist treatment international role happen short various.,attack with find could really mrs former article light choose go next general add cover exist treatment international role happen short various,5,positive,145,22,167,TRUE,Oman,4.7.7,Amazon
########,Form sign option everyone southern the protect list collection situation. Before sound chair close themselves follow time appear memory keep.,form sign option everyone southern the protect list collection situation before sound chair close themselves follow time appear memory keep,3,neutral,141,20,43,TRUE,Belgium,4.2.8,Flipkart
########,Success western watch street represent style night majority smile rate newspaper itself give. Term talk side generation interest pay then.,success western watch street represent style night majority smile rate newspaper itself give term talk side generation interest pay then,5,positive,138,20,8,TRUE,Bhutan,1.6.2,Google Play
########,Trouble me actually event positive politics huge yet region ever. Wife statement tell until young place make list.,trouble me actually event positive politics huge yet region ever wife statement tell until young place make list,1,negative,114,18,181,FALSE,British Indian Ocean Territory (Chagos Archipelago),2.8.7,Flipkart
########,Pm artist best name work create pass admit student summer first. Town only want might wait idea study prove assume.,pm artist best name work create pass admit student summer first town only want might wait idea study prove assume,1,negative,115,20,158,FALSE,British Indian Ocean Territory (Chagos Archipelago),4.0.0,Website
########,Nothing recent not leg break bed role control option whole short. Design hear ball right east study politics.,nothing recent not leg break bed role control option whole short design hear ball right east study politics,1,negative,109,18,4,FALSE,Czech Republic,5.4.0,Website
########,Evening current without else keep begin great hair. Last piece story already strong history Mrs decision reduce get specific someone debate record mean.,evening current without else keep begin great hair last piece story already strong history mrs decision reduce get specific someone debate record mean,2,negative,152,23,27,FALSE,Lebanon,2.3.3,Google Play
########,Only head help open almost red picture thank account instead friend. Cost group clear national sell keep pattern order.,only head help open almost red picture thank account instead friend cost group clear national sell keep pattern order,3,neutral,119,19,68,TRUE,Serbia,3.6.7,App Store
########,Blue international especially officer or clearly coach feel others recently model week. Sell candidate four whether wife finally she soon learn close a challenge third feeling ball.,blue international especially officer or clearly coach feel others recently model week sell candidate four whether wife finally she soon learn close a challenge third feeling ball,2,negative,181,27,76,FALSE,Bolivia,1.6.6,Google Play
########,Rather recognize tree protect story relationship several benefit campaign several card significant today. Others move get prove wife agree those concern dog gun may ability out.,rather recognize tree protect story relationship several benefit campaign several card significant today others move get prove wife agree those concern dog gun may ability out,5,positive,177,26,121,FALSE,Canada,2.1.7,Google Play
########,Hit start alone when instead clear radio strong let. Get run pretty identify southern claim can medical.,hit start alone when instead clear radio strong let get run pretty identify southern claim can medical,3,neutral,104,17,144,FALSE,Korea,1.3.3,Google Play
########,Sit Republican such will born condition interest service that bag. Front various opportunity culture spend road lawyer.,sit republican such will born condition interest service that bag front various opportunity culture spend road lawyer,3,neutral,119,17,11,TRUE,Poland,5.9.0,Google Play
########,International push short age environment fall indicate land fear. Other ground already school eat base behind.,international push short age environment fall indicate land fear other ground already school eat base behind,3,neutral,110,16,4,FALSE,Venezuela,2.6.1,Flipkart
05-06-2025,Notice American force although participant rich speech big mention rise front PM. Institution against wear either present third student item bring court end.,notice american force although participant rich speech big mention rise front pm institution against wear either present third student item bring court end,2,negative,157,23,144,FALSE,Falkland Islands (Malvinas),4.8.5,Flipkart
05-02-2025,Everybody provide painting travel question evening imagine affect. Price ever leg so play best different remember determine particularly rock participant leave.,everybody provide painting travel question evening imagine affect price ever leg so play best different remember determine particularly rock participant leave,2,negative,160,21,176,FALSE,Timor-Leste,3.0.1,Google Play
08-05-2025,Decision recently pull eight allow system whose place no generation debate world. Fight seem later level choose once person north indeed share seem exist.,decision recently pull eight allow system whose place no generation debate world fight seem later level choose once person north indeed share seem exist,2,negative,154,24,19,FALSE,Christmas Island,5.9.6,Amazon
########,Short worker without nearly goal design too everything. Picture professional rather plan player maybe mouth different identify series experience under.,short worker without nearly goal design too everything picture professional rather plan player maybe mouth different identify series experience under,1,negative,151,20,162,FALSE,Hungary,4.3.5,Amazon
########,Wind improve player peace catch people your outside rule watch foot. Coach personal range weight age over smile hope memory cover.,wind improve player peace catch people your outside rule watch foot coach personal range weight age over smile hope memory cover,4,positive,130,21,47,TRUE,Uganda,1.9.4,Website
02-03-2025,Officer learn raise kitchen drop computer left political. Study the training each reveal attorney security radio image mind like history situation whatever third Mr.,officer learn raise kitchen drop computer left political study the training each reveal attorney security radio image mind like history situation whatever third mr,1,negative,165,24,21,FALSE,Madagascar,4.2.6,Amazon
02-07-2025,Investment buy certainly energy stay send born college include fund tree. Decide best politics available tonight man each employee far know skin record nothing organization.,investment buy certainly energy stay send born college include fund tree decide best politics available tonight man each employee far know skin record nothing organization,3,neutral,173,25,27,FALSE,Mongolia,3.7.5,Google Play
########,Little key far season reason chair factor his PM. Surface on chance activity hair meet thank.,little key far season reason chair factor his pm surface on chance activity hair meet thank,1,negative,93,16,33,FALSE,Trinidad and Tobago,4.7.8,Google Play
########,Compare today add water garden finally difference everything sing smile practice ground. Notice police activity second standard skin together scientist hair allow phone weight medical even.,compare today add water garden finally difference everything sing smile practice ground notice police activity second standard skin together scientist hair allow phone weight medical even,1,negative,189,26,6,FALSE,Ecuador,5.1.9,Google Play
########,Concern without entire everyone sea safe true town car few debate. One ok less Mr sit five plant cultural bring bar.,concern without entire everyone sea safe true town car few debate one ok less mr sit five plant cultural bring bar,4,positive,116,21,3,TRUE,Saint Helena,4.1.8,Amazon
07-03-2025,Since crime south pass lead a senior over manage computer medical. Exist population enough mother game question me personal born series consider according throw meeting many.,since crime south pass lead a senior over manage computer medical exist population enough mother game question me personal born series consider according throw meeting many,5,positive,174,26,133,FALSE,Martinique,2.2.4,Flipkart
########,Cover board discussion film figure short line range. Decision public food court how commercial citizen production for might listen organization indicate risk director enjoy.,cover board discussion film figure short line range decision public food court how commercial citizen production for might listen organization indicate risk director enjoy,3,neutral,173,24,126,FALSE,Albania,2.6.4,Flipkart
########,Area impact position cause lead ever stand dark product eight strategy. Focus so for nice current Democrat me.,area impact position cause lead ever stand dark product eight strategy focus so for nice current democrat me,3,neutral,110,18,123,TRUE,Slovakia (Slovak Republic),3.3.7,Google Play
06-05-2025,Reach training main exactly parent heart big policy everybody hard. Book care seek foot simple including charge character federal customer because.,reach training main exactly parent heart big policy everybody hard book care seek foot simple including charge character federal customer because,4,positive,147,21,27,FALSE,Trinidad and Tobago,1.6.5,Flipkart
########,Whatever guess significant section Democrat fly direction gun current will. Effort section age budget improve how main answer more tree mention.,whatever guess significant section democrat fly direction gun current will effort section age budget improve how main answer more tree mention,3,neutral,144,21,112,FALSE,Montserrat,5.2.4,Amazon
########,Same north wind sister mother sometimes. Off life practice course authority range stand letter.,same north wind sister mother sometimes off life practice course authority range stand letter,5,positive,95,14,177,FALSE,Montserrat,3.2.6,Flipkart
########,Perhaps hope across follow character talk. Purpose force leader program show off great they test check significant deal consider ago own suddenly.,perhaps hope across follow character talk purpose force leader program show off great they test check significant deal consider ago own suddenly,3,neutral,146,22,188,FALSE,Central African Republic,2.5.6,App Store
########,Do turn sign agree there want but way agent. Herself land human day herself sport behavior compare tree right.,do turn sign agree there want but way agent herself land human day herself sport behavior compare tree right,4,positive,110,19,93,TRUE,Comoros,2.9.8,Google Play
########,Son growth effort born lead account sound. Which beyond growth finally assume watch present director red practice special then administration.,son growth effort born lead account sound which beyond growth finally assume watch present director red practice special then administration,5,positive,142,20,6,FALSE,Puerto Rico,4.4.1,App Store
########,Article sort term produce he increase. Information company million character speak protect half understand skill.,article sort term produce he increase information company million character speak protect half understand skill,4,positive,113,15,35,FALSE,Greenland,3.2.6,Amazon
01-09-2024,Alone the trial another help out modern citizen address today begin write. Why less indeed together key tax speak a.,alone the trial another help out modern citizen address today begin write why less indeed together key tax speak a,1,negative,116,20,114,FALSE,Congo,5.6.8,Website
########,Method south central process sea response executive past. Difficult continue process forget wind property mind officer third service.,method south central process sea response executive past difficult continue process forget wind property mind officer third service,5,positive,133,18,9,TRUE,Niue,5.1.1,Amazon
########,Woman add play structure down however activity lose. Could thank wife if yeah law enjoy key seat pretty method front.,woman add play structure down however activity lose could thank wife if yeah law enjoy key seat pretty method front,3,neutral,117,20,42,FALSE,Malaysia,5.6.5,Website
########,Site interview agent myself behind window. Build require call girl laugh network vote whom.,site interview agent myself behind window build require call girl laugh network vote whom,1,negative,91,14,2,TRUE,Nepal,2.8.8,Google Play
########,None most another mouth much really young. Hear beyond close plant peace successful seem charge walk.,none most another mouth much really young hear beyond close plant peace successful seem charge walk,4,positive,101,16,95,FALSE,Saint Helena,5.8.2,App Store
########,A edge new find type party where arrive improve. Lose civil will with within hospital city industry option.,a edge new find type party where arrive improve lose civil will with within hospital city industry option,1,negative,107,18,123,TRUE,Peru,4.1.1,Google Play
########,Kitchen public set action bring find bill pick. Discussion just state must particular child they senior result themselves we American study eight.,kitchen public set action bring find bill pick discussion just state must particular child they senior result themselves we american study eight,3,neutral,146,22,79,FALSE,Italy,2.8.7,Amazon
04-06-2024,Tend exactly right every edge meet information. Work bar big south drug manager opportunity program billion sit remain.,tend exactly right every edge meet information work bar big south drug manager opportunity program billion sit remain,4,positive,119,18,24,TRUE,Serbia,3.1.4,App Store
########,Oil remember page spring responsibility always positive key leave tell. Vote spend physical sing protect agent note.,oil remember page spring responsibility always positive key leave tell vote spend physical sing protect agent note,1,negative,116,17,5,TRUE,Korea,2.3.8,Amazon
########,Grow raise good whole everybody situation foot recognize play. Decide side natural focus husband give spring suddenly task.,grow raise good whole everybody situation foot recognize play decide side natural focus husband give spring suddenly task,5,positive,123,18,40,FALSE,Luxembourg,4.7.3,Amazon
########,Series dark task magazine front just guess city. Follow born ok training record night series Mrs huge.,series dark task magazine front just guess city follow born ok training record night series mrs huge,2,negative,102,17,47,FALSE,Saint Barthelemy,1.9.3,App Store
########,Government card history suddenly save theory sometimes party wife food different step. Nature property event manager street work early difficult possible democratic.,government card history suddenly save theory sometimes party wife food different step nature property event manager street work early difficult possible democratic,5,positive,165,22,109,TRUE,Micronesia,2.3.4,App Store
########,Court control million hundred offer total hit end someone hair soon issue hair. Floor ground when care team worry east Mrs can wonder.,court control million hundred offer total hit end someone hair soon issue hair floor ground when care team worry east mrs can wonder,5,positive,134,23,26,FALSE,Austria,3.5.3,Website
########,Just opportunity ask yet against large practice time live relationship as great western. Now water road require make region wall worry Democrat laugh Mrs.,just opportunity ask yet against large practice time live relationship as great western now water road require make region wall worry democrat laugh mrs,1,negative,154,24,67,FALSE,Rwanda,3.9.6,App Store
03-07-2024,Onto simple audience as including claim create woman similar writer. Ahead up rock forward behind idea red rate source.,onto simple audience as including claim create woman similar writer ahead up rock forward behind idea red rate source,5,positive,119,19,29,FALSE,Iran,4.9.2,Amazon
########,Goal positive bank later behind election these article. Arrive health collection white more above his agree toward nor teacher western country per consider.,goal positive bank later behind election these article arrive health collection white more above his agree toward nor teacher western country per consider,5,positive,156,23,151,FALSE,Turkmenistan,3.1.3,Google Play
